Song ID,Song Title,Tamil Lyrics,English Lyrics,Devanagari Lyrics,Tags,Category,Active,Updated At,Updated By
S001,Morning Worship (காலை ஆராதனை),"காலை நேரம் உம் பாதம் வந்தேன்
கர்த்தாவே உம் கிருபையைத் தந்தருளும்
புது நாளின் தொடக்கத்தில் உம்மைப் பாடுவேன்
என் வாழ்வின் வழிகாட்டி நீர் அல்லவோ!

பல்லவி:
அல்லேலூயா உம்மைத் துதிப்பேன்
என்றென்றும் உம்மைப் போற்றுவேன்
காலைதோறும் உம் கிருபைகள் புதிதாம்
உண்மைத்துவத்தில் பெரியவர் நீர்!","Early in the morning I come to Your presence
Lord grant me Your boundless grace
At the dawn of this brand new day I will sing
For You are the trusted guide of my life!

Chorus:
Hallelujah I will praise Your name
Forever and ever I will lift You high
Your mercies are new every morning
Great is Your faithfulness, O Lord!","सुबह सवेरे तेरे चरणों में आते हैं
प्रभु अपनी असीम अनुग्रह हमें दीजिए
इस नए दिन की शुरुआत में हम गाएंगे
क्योंकि तू ही हमारे जीवन का सच्चा मार्गदर्शक है!

कोरस:
हाल्लेलूयाह हम तेरी स्तुति करेंगे
सदा सर्वदा तेरा गुणगान करेंगे
तेरी दया हर सुबह नई होती है
तेरी सच्चाई कितनी महान है!","Morning, Worship, Praise",Worship,TRUE,08-Oct-2026 07:30:00 PM IST,admin@example.com
S002,Prayer for Peace (சமாதானத்தின் பாடல்),"சமாதானம் தரும் தேவ மைந்தனே
என் உள்ளத்தில் அமைதி அருளுமே
புயல் வீசும் காலத்திலும் காப்பவரே
உம் நிழலில் நான் தங்கி வாழ்வேனே!

பல்லவி:
அமைதி தரும் உந்தன் சத்தம் கேட்குதே
பயம் நீங்கி உள்ளம் மகிழுதே
என்னைத் தாங்கும் கரம் உந்தன் கரமே
என்றென்றும் நான் உம்மில் வாழ்வேன்!","Prince of Peace, Divine Savior
Bestow peace into my troubled heart
Even when fierce storms rage around me
In Your shadow I will find my rest!

Chorus:
Your gentle whisper brings sweet peace
All fears vanish and my soul rejoices
The hand that upholds me is Your loving hand
Forever in You I shall dwell!","शांति के राजकुमार, प्यारे प्रभु
मेरे अशांत मन को शांति दीजिए
जब भी तूफ़ान जीवन में आते हैं
तेरी छाया में मुझे विश्राम मिलता है!

कोरस:
तेरी मधुर आवाज़ शांति लाती है
हर डर दूर होता है और दिल गाता है
जो हाथ मुझे संभालता है वह तेरा ही हाथ है
सदा तेरे साथ मैं रहूँगा!","Prayer, Peace, Comfort",Prayer,TRUE,08-Oct-2026 07:30:00 PM IST,admin@example.com
S003,Thanksgiving & Gratitude (நன்றி நிறைந்த உள்ளத்தோடு),"நன்றி நிறைந்த உள்ளத்தோடு
உம் வாசஸ்தலம் பிரவேசிப்பேன்
செய்த நன்மைகள் ஆயிரம் நினைத்தே
ஓயாமல் நன்றி பாடுவேன்!

பல்லவி:
நன்றி இயேசுவே, நன்றி இயேசுவே
வாழ்நாளெல்லாம் நன்றி சொல்வேன்
ஜீவனுள்ள நாளெல்லாம் துதிப்பேன்
என் முழு பெலத்தோடும் பாடுவேன்!","With a heart full of thanksgiving
I enter into Your courts with praise
Remembering the thousand blessings given
Ceaselessly I will sing my thanks!

Chorus:
Thank You Jesus, thank You Lord
All the days of my life I will give thanks
As long as I have breath I will praise
Singing with all my strength and soul!","धन्यवाद से भरे हृदय के साथ
मैं तेरे आंगनों में प्रवेश करता हूँ
तेरी दी हुई हज़ारों आशीषों को याद कर
निरंतर धन्यवाद गाता रहूँगा!

कोरस:
धन्यवाद प्रभु यीशु, धन्यवाद मेरे स्वामी
जीवन भर मैं तेरा धन्यवाद करूँगा
जब तक मुझमें सांस है स्तुति करूँगा
अपने पूरे सामर्थ्य से गाऊँगा!","Thanksgiving, Praise, Joy",Praise,TRUE,08-Oct-2026 07:30:00 PM IST,admin@example.com
S004,Children of Light (வெளிச்சத்தின் பிள்ளைகள்),"சின்னஞ்சிறு மலர்கள் நாங்கள்
இயேசுவின் நேச பிள்ளைகள்
உலகில் ஒளியாய் பிரகாசிப்போம்
அன்பின் பாதையில் நடந்திடுவோம்!

பல்லவி:
மகிழ்ச்சியாய் கைதட்டி பாடுவோம்
உண்மையும் நீதியும் காப்போம்
எங்கள் இதயம் உமக்கே சொந்தம்
நல்வழி காட்டும் எங்கள் தேவனே!","We are tender blooming blossoms
Precious children loved by God
We will shine as lights in the world
Walking on the pathway of sweet love!

Chorus:
Joyfully we clap our hands and sing
Upholding truth and righteousness
Our little hearts belong to You alone
Guide our steps, our loving Father!","हम सब नन्हें फूल हैं
ईश्वर के प्रिय बच्चे हैं
जगत में ज्योति बनकर चमकेंगे
प्रेम के मार्ग पर चलेंगे!

कोरस:
आनंद से ताली बजाकर गाएंगे
सच्चाई और भलाई अपनाएंगे
हमारे हृदय केवल तेरे हैं
हमें नेक राह दिखाओ प्रभु!","Children, Joy, Youth",Children,TRUE,08-Oct-2026 07:30:00 PM IST,admin@example.com
S005,Evening Meditation (மாலை நேர தியானம்),"பகலின் உழைப்பு முடிந்ததுவே
மாலை பொழுதில் அமர்ந்தேன்
தூய மனதோடு உம்மை நோக்கினேன்
இரவிலும் என்னை காத்தருளும்!

பல்லவி:
உம் சிறகுகளின் நிழலில் அடைக்கலம்
அமைதியான நித்திரை தாருமே
நாளை விடியலில் மீண்டும் பாடுவேன்
உம் பேரன்பை உலகிற்கு கூறுவேன்!","The toil of the day is now done
In the quiet dusk I sit before You
With a pure heart I lift my gaze
Safeguard me through the night!

Chorus:
Under the shelter of Your wings I abide
Grant me peaceful and sweet sleep
At tomorrow's dawn I will sing anew
Proclaiming Your love to all the earth!","दिन भर का परिश्रम अब समाप्त हुआ
शाम के सन्नाटे में तेरे पास बैठा हूँ
पवित्र मन से तुझे निहारता हूँ
रात के अंधकार में मेरी रक्षा कर!

कोरस:
तेरे पंखों की ओट में मेरी शरण है
मुझे मीठी और शांत नींद दे
कल सुबह फिर गाऊँगा
तेरी असीम कृपा की घोषणा करूँगा!","Evening, Meditation, Prayer",Prayer,TRUE,08-Oct-2026 07:30:00 PM IST,admin@example.com
S006,The Lord is My Shepherd (கர்த்தர் என் மேய்ப்பராய் இருக்கிறார்),"கர்த்தர் என் மேய்ப்பராய் இருக்கிறார்
தாழ்ச்சி அடையேன் என்றென்றுமே
புல்லுள்ள இடங்களில் மேய்க்கின்றார்
அமர்ந்த தண்ணீரண்டை நடத்துகிறார்!

பல்லவி:
ஆத்துமாவை அவர் தேற்றுகிறார்
நீதியின் பாதையில் நடத்துகிறார்
மரண இருளின் பள்ளத்தாக்கில் நடந்தாலும்
பொல்லாப்புக்கு அஞ்சிடேன்!","The Lord is my Shepherd, I shall not want
He makes me lie down in green pastures
He leads me beside the still waters
He restores and revives my soul!

Chorus:
He leads me in paths of righteousness
For His holy name's sake
Even though I walk through the valley of the shadow of death
I will fear no evil!","प्रभु मेरा चरवाहा है, मुझे कोई घटी न होगी
वह मुझे हरी चराइयों में बैठाता है
वह मुझे शांत जलों के पास ले चलता है
वह मेरे प्राण में नया जीवन भरता है!

कोरस:
वह मुझे धर्म के मार्गों पर चलाता है
अपने पवित्र नाम के निमित्त
चाहे मैं घोर अंधकार से भरी तराई में भी चलूँ
मैं किसी विपत्ति से न डरूँगा!","Worship, Scripture, Faith",Scripture,TRUE,08-Oct-2026 07:30:00 PM IST,admin@example.com
S007,Grace Unmeasured (அளவற்ற கிருபை),"ஆழமான சமுத்திரத்தை பார்க்கிலும்
பெரியது உம் கிருபையே
வானங்களை விட உயர்ந்ததுவே
என்றும் அழியாத உம் தயவே!

பல்லவி:
கிருபையே தேவ கிருபையே
தாங்கி நடத்தும் கிருபையே
சோர்ந்து போகாமல் காத்தருளும்
என் வாழ்வின் ஆதரவே!","Deeper than the deepest ocean blue
Is Your overflowing boundless grace
Higher than the highest heavens above
Is Your unfailing steadfast love!

Chorus:
Grace, marvelous grace of God
Grace that holds and carries me through
Keeping me when my spirit grows weary
The eternal anchor of my life!","गहरे सागर से भी गहरी है
तेरी यह अपार करुणा
ऊँचे आकाश से भी ऊँची है
तेरी सदा बनी रहने वाली भलाई!

कोरस:
कृपा, ईश्वर की अद्भुत कृपा
जो मुझे थामे और सम्भाले रहती है
थक जाने पर भी मुझे बल देती है
मेरे जीवन का सच्चा सहारा!","Grace, Worship, Devotion",Worship,TRUE,08-Oct-2026 07:30:00 PM IST,admin@example.com
S008,Celebration of Joy (மகிழ்ச்சியின் கீதம்),"ஆனந்தமாய் கொண்டாடுவோம்
ஆண்டவர் செய்த நன்மைகட்காய்
துயரங்கள் யாவும் நீங்கிற்றே
புதிய பாடலை பாடுவோம்!

பல்லவி:
மகிழ்ச்சி மகிழ்ச்சி உள்ளத்திலே
சந்தோஷ கீதம் நம் நாவினிலே
ஜெய கீதம் பாடி ஆர்ப்பரிப்போம்
என்றென்றும் வெற்றிகொள்வோம்!","Let us celebrate with great joy
For all the wondrous things God has done
Sorrow and sighing flee away
Let us sing a brand new song!

Chorus:
Joy, boundless joy in our hearts
A song of gladness on our tongue
Shouting victory and rejoicing
Triumph is ours forevermore!","आओ मिलकर आनंद मनाएं
प्रभु के उपकारों का गुणगान करें
सारे शोक और दुःख दूर हो गए
एक नया गीत मिलकर गाएं!

कोरस:
खुशी और आनंद हमारे दिलों में
एक प्यारा गीत हमारे होंठों पर
जय का जयजयकार करेंगे
सदा के लिए हम विजयी हैं!","Celebration, Joy, Praise",Praise,TRUE,08-Oct-2026 07:30:00 PM IST,admin@example.com
S009,Ancient Heritage Chant (பாரம்பரிய கீதம் - English & Tamil only),"தொன்மையான இறை வாக்கே
எங்கள் தலைமுறையின் ஒளியே
ஆதி முதல் அந்தம் வரை
மாறாத உம் சத்தியமே!

பல்லவி:
தலைமுறை தலைமுறையாக
உம்மை போற்றி பாடுவோம்
நிலைத்திருக்கும் உம் நாமம்
பூமியெங்கும் விளங்கிடவே!","Ancient Word of everlasting truth
Light unto every generation
From the beginning unto the end
Unchanging is Your sacred truth!

Chorus:
From generation to generation
We will sing praises to Your name
Your renown endures forever
Shining over all the earth!",,"Heritage, Tradition, Tamil",Heritage,TRUE,08-Oct-2026 07:30:00 PM IST,admin@example.com
S010,Divine Anthem (English & Hindi only),,"O God our help in ages past
Our hope for years to come
Our shelter from the stormy blast
And our eternal home!

Chorus:
Under the shadow of Thy throne
Thy saints have dwelt secure
Sufficient is Thine arm alone
And our defense is sure!","हे हमारे ईश्वर, तू ही हमारा सनातन सहारा
आने वाले वर्षों की हमारी आशा
तूफानी आंधियों से हमारी शरण
और हमारा अनंत निवास!

कोरस:
तेरे सिंहासन की छाया तले
तेरे भक्त सुरक्षित रहे हैं
तेरी भुजा ही पर्याप्त है
और हमारा बचाव अटल है!","Anthem, Classic, Devanagari",Classic,TRUE,08-Oct-2026 07:30:00 PM IST,admin@example.com
